Product Type,Net Quantity,Gross Sales,Discounts,Returns,Total Net Sales,Loss
Art & Sculpture,34,14935.0,-594.0,-1609.0,12732.0,-2203.0
Basket,13,3744.0,-316.8,0.0,3427.2,-316.8
Basket,12,3825.0,-201.6,-288.0,3335.4,-489.6
Basket,17,3035.0,-63.25,0.0,2971.75,-63.25
Art & Sculpture,47,2696.8,-44.16,0.0,2652.64,-44.16
Basket,17,2695.0,-52.5,-110.0,2532.5,-162.5
Basket,20,2310.0,-66.0,-110.0,2134.0,-176.0
Christmas,90,2160.0,-45.59,0.0,2114.41,-45.59
Art & Sculpture,10,2250.0,-180.0,0.0,2070.0,-180.0
Basket,11,1925.0,-17.5,0.0,1907.5,-17.5
Basket,30,1907.0,-41.3,0.0,1865.7,-41.3
Home Decor,19,1748.0,-46.85,0.0,1701.15,-46.85
Basket,15,1725.0,-92.0,0.0,1633.0,-92.0
Art & Sculpture,2,1625.0,-5.0,0.0,1620.0,-5.0
Recycled Art,37,1554.0,-29.4,0.0,1524.6,-29.4
Jewelry,33,1584.0,-67.17,0.0,1516.83,-67.17
Basket,20,1560.0,-47.8,0.0,1512.2,-47.8
Jewelry,32,1536.0,-76.8,0.0,1459.2,-76.8
Home Decor,17,1496.0,-44.0,0.0,1452.0,-44.0
Basket,5,1467.0,-57.6,0.0,1409.4,-57.6
Art & Sculpture,9,1466.0,-75.89,0.0,1390.11,-75.89
Art & Sculpture,11,1375.0,-12.5,0.0,1362.5,-12.5
Art & Sculpture,58,1392.0,-36.0,0.0,1356.0,-36.0
Christmas,58,1392.0,-45.6,0.0,1346.4,-45.6
Jewelry,96,1400.0,-42.0,-56.0,1302.0,-98.0
Art & Sculpture,3,1660.0,0.0,-365.0,1295.0,-365.0
Basket,15,1260.0,0.0,0.0,1260.0,0.0
Basket,9,1315.0,-57.5,0.0,1257.5,-57.5
Art & Sculpture,30,1260.0,-46.2,0.0,1213.8,-46.2
Skin Care,32,1216.0,-26.6,0.0,1189.4,-26.6
Home Decor,18,1224.0,-40.8,0.0,1183.2,-40.8
Basket,7,1225.0,-70.0,0.0,1155.0,-70.0
Art & Sculpture,7,1155.0,-47.51,0.0,1107.49,-47.51
Home Decor,5,1125.0,-22.5,0.0,1102.5,-22.5
Basket,4,1152.0,-57.6,0.0,1094.4,-57.6
Basket,14,1158.0,-67.16,0.0,1090.84,-67.16
Basket,10,1100.0,-11.0,0.0,1089.0,-11.0
Kitchen,69,1104.0,-25.6,0.0,1078.4,-25.6
Basket,10,1100.0,-26.13,0.0,1073.87,-26.13
Art & Sculpture,15,1110.0,-46.79,0.0,1063.21,-46.79
Art & Sculpture,18,1352.0,-31.99,-258.0,1062.01,-289.99
Basket,11,1056.0,-7.57,0.0,1048.43,-7.57
Home Decor,12,1120.0,-72.0,0.0,1048.0,-72.0
Basket,6,1050.0,-17.5,0.0,1032.5,-17.5
Basket,4,1030.0,0.0,0.0,1030.0,0.0
Basket,13,1194.0,-8.8,-156.0,1029.2,-164.8
Art & Sculpture,15,1110.0,-81.38,0.0,1028.62,-81.38
Art & Sculpture,59,1062.0,-33.6,0.0,1028.4,-33.6
Basket,6,1225.0,-35.0,-175.0,1015.0,-210.0
Basket,6,990.0,0.0,0.0,990.0,0.0
Basket,6,1050.0,-78.75,0.0,971.25,-78.75
Basket,9,1100.0,-43.99,-99.01,957.0,-143.0
Home Decor,11,968.0,-17.6,0.0,950.4,-17.6
Basket,9,990.0,-43.99,0.0,946.01,-43.99
Basket,7,952.0,-13.6,0.0,938.4,-13.6
Art & Sculpture,25,950.0,-17.6,0.0,932.4,-17.6
Basket,5,925.0,0.0,0.0,925.0,0.0
Art & Sculpture,2,1150.0,-230.0,0.0,920.0,-230.0
Basket,3,1179.0,0.0,-288.0,891.0,-288.0
Christmas,11,924.0,-33.6,0.0,890.4,-33.6
Art & Sculpture,4,960.0,-72.0,0.0,888.0,-72.0
Kitchen,24,906.0,-18.99,0.0,887.01,-18.99
Basket,3,945.0,-63.0,0.0,882.0,-63.0
Home Decor,7,879.0,0.0,0.0,879.0,0.0
Art & Sculpture,10,975.0,-17.59,-79.21,878.2,-96.8
Basket,11,898.0,-33.2,0.0,864.8,-33.2
Basket,7,876.5,-12.65,0.0,863.85,-12.65
Basket,5,875.0,-17.5,0.0,857.5,-17.5
Art & Sculpture,4,900.0,-45.0,0.0,855.0,-45.0
Home Decor,9,925.0,-73.5,0.0,851.5,-73.5
Art & Sculpture,11,858.0,-23.6,0.0,834.4,-23.6
Jewelry,18,912.0,-45.6,-48.0,818.4,-93.6
Basket,7,812.0,-11.6,0.0,800.4,-11.6
Basket,7,1035.0,-23.0,-230.0,782.0,-253.0
Art & Sculpture,19,798.0,-16.79,0.0,781.21,-16.79
Basket,16,804.0,-30.8,0.0,773.2,-30.8
Basket,7,770.0,-3.48,0.0,766.52,-3.48
Basket,7,775.0,-22.5,0.0,752.5,-22.5
Basket,7,770.0,-33.0,0.0,737.0,-33.0
Jewelry,16,768.0,-31.2,0.0,736.8,-31.2
Basket,9,736.0,0.0,0.0,736.0,0.0
Jewelry,16,768.0,-33.6,0.0,734.4,-33.6
Basket,4,740.0,-18.5,0.0,721.5,-18.5
Jewelry,15,720.0,-9.6,0.0,710.4,-9.6
Basket,4,700.0,0.0,0.0,700.0,0.0
Basket,6,696.0,-11.6,0.0,684.4,-11.6
Christmas,18,798.0,-7.6,-114.0,676.4,-121.6
Basket,5,725.0,-58.0,0.0,667.0,-58.0
Basket,4,700.0,-35.0,0.0,665.0,-35.0
Jewelry,25,700.0,-35.8,0.0,664.2,-35.8
Jewelry,24,672.0,-28.01,0.0,643.99,-28.01
Art & Sculpture,9,700.0,-57.0,0.0,643.0,-57.0
Art & Sculpture,2,645.0,-4.15,0.0,640.85,-4.15
Home Decor,5,631.0,0.0,0.0,631.0,0.0
Art & Sculpture,18,648.0,-21.6,0.0,626.4,-21.6
Art & Sculpture,5,638.0,-12.4,0.0,625.6,-12.4
Art & Sculpture,5,625.0,0.0,0.0,625.0,0.0
Art & Sculpture,5,636.0,-12.4,0.0,623.6,-12.4
Basket,5,625.0,-12.5,0.0,612.5,-12.5
Jewelry,13,624.0,-19.2,0.0,604.8,-19.2
Basket,2,891.0,0.0,-288.0,603.0,-288.0
Art & Sculpture,4,600.0,-15.0,0.0,585.0,-15.0
Jewelry,42,602.0,-7.01,-14.0,580.99,-21.009999999999998
Basket,5,580.0,0.0,0.0,580.0,0.0
Basket,2,576.0,0.0,0.0,576.0,0.0
Skin Care,31,573.5,-1.85,0.0,571.65,-1.85
Home Decor,7,574.0,-8.2,0.0,565.8,-8.2
Art & Sculpture,4,565.0,0.0,0.0,565.0,0.0
Basket,3,564.0,0.0,0.0,564.0,0.0
Kitchen,20,560.0,-2.81,0.0,557.19,-2.81
Basket,5,575.0,-23.0,0.0,552.0,-23.0
Basket,5,550.0,0.0,0.0,550.0,0.0
Christmas,15,570.0,-20.2,0.0,549.8,-20.2
Jewelry,40,616.0,-11.2,-56.0,548.8,-67.2
Art & Sculpture,6,588.0,-48.99,0.0,539.01,-48.99
Home Decor,6,590.0,-59.0,0.0,531.0,-59.0
Home Decor,8,544.0,-13.6,0.0,530.4,-13.6
Basket,5,550.0,-22.0,0.0,528.0,-22.0
Basket,19,622.0,-94.6,0.0,527.4,-94.6
Basket,3,525.0,0.0,0.0,525.0,0.0
Art & Sculpture,6,522.0,0.0,0.0,522.0,0.0
Textiles,5,564.0,-44.0,0.0,520.0,-44.0
Art & Sculpture,13,526.0,-12.6,0.0,513.4,-12.6
Art & Sculpture,18,516.0,-6.0,0.0,510.0,-6.0
Basket,12,528.0,-18.8,0.0,509.2,-18.8
Basket,3,525.0,-17.5,0.0,507.5,-17.5
Art & Sculpture,14,518.0,-14.6,0.0,503.4,-14.6
Jewelry,9,522.0,-21.6,0.0,500.4,-21.6
Kitchen,7,506.0,-5.8,0.0,500.2,-5.8
Basket,4,500.0,0.0,0.0,500.0,0.0
Basket,9,498.0,0.0,0.0,498.0,0.0
Jewelry,11,528.0,-33.58,0.0,494.42,-33.58
Basket,12,546.0,-17.6,-37.0,491.4,-54.6
Art & Sculpture,9,486.0,-5.4,0.0,480.6,-5.4
Jewelry,10,480.0,0.0,0.0,480.0,0.0
Art & Sculpture,22,506.0,-10.99,-19.8,475.21,-30.79
Basket,10,480.0,-4.8,0.0,475.2,-4.8
Art & Sculpture,9,593.0,-9.0,-110.0,474.0,-119.0
Art & Sculpture,22,484.0,-11.29,0.0,472.71,-11.29
Basket,4,500.0,-37.5,0.0,462.5,-37.5
Kitchen,13,468.0,-7.2,0.0,460.8,-7.2
Art & Sculpture,5,460.0,0.0,0.0,460.0,0.0
Basket,4,460.0,0.0,0.0,460.0,0.0
Christmas,21,462.0,-2.2,0.0,459.8,-2.2
Accessories,25,472.0,-14.0,0.0,458.0,-14.0
Jewelry,17,476.0,-18.2,0.0,457.8,-18.2
Basket,3,460.0,-2.24,0.0,457.76,-2.24
Art & Sculpture,7,476.0,-20.4,0.0,455.6,-20.4
Art & Sculpture,2,450.0,0.0,0.0,450.0,0.0
Basket,3,450.0,0.0,0.0,450.0,0.0
Art & Sculpture,18,450.0,-5.0,0.0,445.0,-5.0
Basket,3,460.0,-17.5,0.0,442.5,-17.5
Art & Sculpture,4,458.0,-15.6,0.0,442.4,-15.6
Art & Sculpture,6,536.0,-6.8,-88.0,441.2,-94.8
Jewelry,5,440.0,0.0,0.0,440.0,0.0
Christmas,5,440.0,0.0,0.0,440.0,0.0
Jewelry,16,448.0,-8.4,0.0,439.6,-8.4
Art & Sculpture,25,450.0,-14.39,0.0,435.61,-14.39
Basket,4,440.0,-11.0,0.0,429.0,-11.0
Christmas,17,442.0,-20.8,0.0,421.2,-20.8
Kitchen,45,437.0,-10.25,-8.54,418.21,-18.79
Art & Sculpture,10,420.0,-4.5,0.0,415.5,-4.5
Art & Sculpture,14,435.0,-20.1,0.0,414.9,-20.1
Fair Trade Gifts,17,432.0,-19.6,0.0,412.4,-19.6
Basket,10,420.0,-9.6,0.0,410.4,-9.6
Basket,2,615.0,0.0,-205.0,410.0,-205.0
Art & Sculpture,12,432.0,-25.2,0.0,406.8,-25.2
One-of-a-Kind,1,450.0,-45.0,0.0,405.0,-45.0
Christmas,12,408.0,-3.4,0.0,404.6,-3.4
Jewelry,29,462.0,-8.41,-56.0,397.59,-64.41
Basket,6,408.0,-11.8,0.0,396.2,-11.8
Basket,4,440.0,-44.0,0.0,396.0,-44.0
Basket,2,410.0,-20.5,0.0,389.5,-20.5
Art & Sculpture,3,432.0,-43.2,0.0,388.8,-43.2
Art & Sculpture,1,385.0,0.0,0.0,385.0,0.0
Basket,4,414.0,-33.0,0.0,381.0,-33.0
Art & Sculpture,6,379.0,0.0,0.0,379.0,0.0
Home Decor,3,374.0,0.0,0.0,374.0,0.0
Basket,9,378.0,-4.2,0.0,373.8,-4.2
Art & Sculpture,16,408.0,-13.6,-21.6,372.8,-35.2
Kitchen,21,374.0,-1.39,0.0,372.61,-1.39
Art & Sculpture,3,384.0,-12.8,0.0,371.2,-12.8
Art & Sculpture,4,380.0,-9.5,0.0,370.5,-9.5
Basket,2,370.0,0.0,0.0,370.0,0.0
Basket,11,393.25,-25.0,0.0,368.25,-25.0
Basket,8,428.0,-19.2,-46.0,362.8,-65.2
Soapstone,13,359.0,0.0,0.0,359.0,0.0
Art & Sculpture,2,396.0,-39.6,0.0,356.4,-39.6
Kitchen,18,360.0,-4.0,0.0,356.0,-4.0
Art & Sculpture,4,360.0,-4.19,0.0,355.81,-4.19
Art & Sculpture,4,360.0,-5.8,0.0,354.2,-5.8
Christmas,16,352.0,0.0,0.0,352.0,0.0
Basket,2,370.0,-18.5,0.0,351.5,-18.5
Art & Sculpture,1,350.0,0.0,0.0,350.0,0.0
Basket,2,350.0,0.0,0.0,350.0,0.0
Art & Sculpture,11,352.0,-3.19,0.0,348.81,-3.19
Basket,7,364.0,-15.6,0.0,348.4,-15.6
Basket,6,348.0,0.0,0.0,348.0,0.0
Basket,3,348.0,0.0,0.0,348.0,0.0
Home Decor,16,352.0,-4.4,0.0,347.6,-4.4
Christmas,16,352.0,-4.4,0.0,347.6,-4.4
Basket,8,344.0,0.0,0.0,344.0,0.0
Basket,9,342.0,0.0,0.0,342.0,0.0
Jewelry,11,360.0,-19.4,0.0,340.6,-19.4
Basket,9,339.0,0.0,0.0,339.0,0.0
Fair Trade Gifts,16,352.0,-13.18,0.0,338.82,-13.18
Art & Sculpture,6,348.0,-11.6,0.0,336.4,-11.6
Basket,3,360.0,-24.0,0.0,336.0,-24.0
Art & Sculpture,2,336.0,0.0,0.0,336.0,0.0
Jewelry,7,336.0,-3.15,0.0,332.85,-3.15
Art & Sculpture,14,350.0,-17.2,0.0,332.8,-17.2
Art & Sculpture,2,350.0,-17.5,0.0,332.5,-17.5
Basket,2,350.0,-17.5,0.0,332.5,-17.5
Basket,3,330.0,0.0,0.0,330.0,0.0
Basket,3,440.0,0.0,-110.0,330.0,-110.0
Basket,2,330.0,0.0,0.0,330.0,0.0
Art & Sculpture,3,440.0,0.0,-110.0,330.0,-110.0
Basket,1,365.0,-36.5,0.0,328.5,-36.5
Art & Sculpture,8,336.0,-12.6,0.0,323.4,-12.6
Jewelry,10,340.0,-18.6,0.0,321.4,-18.6
Home Decor,5,408.0,-20.4,-68.0,319.6,-88.4
Basket,3,330.0,-11.0,0.0,319.0,-11.0
Music,9,328.0,-12.6,0.0,315.4,-12.6
Art & Sculpture,7,315.0,0.0,0.0,315.0,0.0
Basket,2,350.0,-35.0,0.0,315.0,-35.0
Christmas,18,324.0,-10.8,0.0,313.2,-10.8
Basket,1,310.0,0.0,0.0,310.0,0.0
Art & Sculpture,3,330.0,-22.0,0.0,308.0,-22.0
Basket,3,330.0,-22.0,0.0,308.0,-22.0
Art & Sculpture,2,324.0,-16.2,0.0,307.8,-16.2
Kitchen,13,312.0,-4.81,0.0,307.19,-4.81
Art & Sculpture,5,312.0,-5.0,0.0,307.0,-5.0
Basket,5,307.0,0.0,0.0,307.0,0.0
Art & Sculpture,7,315.0,-9.5,0.0,305.5,-9.5
Basket,3,348.0,-46.4,0.0,301.6,-46.4
Art & Sculpture,2,300.0,0.0,0.0,300.0,0.0
Basket,8,348.0,-11.41,-38.0,298.59,-49.41
Basket,3,298.0,0.0,0.0,298.0,0.0
Jewelry,11,308.0,-11.21,0.0,296.79,-11.21
Art & Sculpture,2,296.0,0.0,0.0,296.0,0.0
Jewelry,6,300.0,-4.4,0.0,295.6,-4.4
Kitchen,29,307.5,-14.16,0.0,293.34,-14.16
Basket,3,304.0,-11.0,0.0,293.0,-11.0
Jewelry,21,378.0,-2.8,-84.0,291.2,-86.8
Art & Sculpture,5,290.0,0.0,0.0,290.0,0.0
Textiles,8,342.0,-15.2,-38.0,288.8,-53.2
Basket,3,288.0,0.0,0.0,288.0,0.0
Home Decor,2,288.0,0.0,0.0,288.0,0.0
Art & Sculpture,6,288.0,0.0,0.0,288.0,0.0
Christmas,16,306.0,-1.8,-18.0,286.2,-19.8
Soapstone,8,285.0,0.0,0.0,285.0,0.0
Home Decor,5,320.0,-38.4,0.0,281.6,-38.4
Home Decor,8,304.0,-22.8,0.0,281.2,-22.8
Furniture,2,350.0,-70.0,0.0,280.0,-70.0
Music,16,292.0,-12.2,0.0,279.8,-12.2
Art & Sculpture,3,302.0,-23.4,0.0,278.6,-23.4
Jewelry,6,288.0,-9.6,0.0,278.4,-9.6
Art & Sculpture,6,288.0,-9.61,0.0,278.39,-9.61
Christmas,13,286.0,-8.8,0.0,277.2,-8.8
Jewelry,6,288.0,-12.0,0.0,276.0,-12.0
Basket,6,280.0,-6.32,0.0,273.68,-6.32
Home Decor,2,288.0,-14.39,0.0,273.61,-14.39
Art & Sculpture,8,288.0,-14.4,0.0,273.6,-14.4
Home Decor,4,286.0,-13.6,0.0,272.4,-13.6
Art & Sculpture,4,272.0,0.0,0.0,272.0,0.0
Basket,2,272.0,0.0,0.0,272.0,0.0
Art & Sculpture,6,276.0,-4.8,0.0,271.2,-4.8
Christmas,15,270.0,0.0,0.0,270.0,0.0
Home Decor,2,270.0,0.0,0.0,270.0,0.0
Jewelry,10,280.0,-10.44,0.0,269.56,-10.44
Art & Sculpture,15,278.0,-8.71,0.0,269.29,-8.71
Art & Sculpture,7,272.0,-3.52,0.0,268.48,-3.52
Christmas,15,288.0,-3.6,-18.0,266.4,-21.6
Home Decor,4,272.0,-6.79,0.0,265.21,-6.79
Home Decor,4,272.0,-6.8,0.0,265.2,-6.8
Christmas,15,270.0,-5.41,0.0,264.59,-5.41
Kids,12,264.0,0.0,0.0,264.0,0.0
Home Decor,3,264.0,0.0,0.0,264.0,0.0
Fair Trade Gifts,22,264.0,0.0,0.0,264.0,0.0
Kitchen,2,264.0,0.0,0.0,264.0,0.0
Basket,1,288.0,-28.8,0.0,259.2,-28.8
Recycled Art,9,262.0,-3.0,0.0,259.0,-3.0
Music,4,256.0,0.0,0.0,256.0,0.0
Basket,6,264.0,-8.8,0.0,255.2,-8.8
Jewelry,7,270.0,-15.21,0.0,254.79,-15.21
Basket,6,252.0,0.0,0.0,252.0,0.0
Basket,6,267.0,-15.31,0.0,251.69,-15.31
Home Decor,4,272.0,-20.4,0.0,251.6,-20.4
Home Decor,7,304.0,-15.2,-38.0,250.8,-53.2
Home Decor,4,248.0,0.0,0.0,248.0,0.0
Furniture,1,275.0,-27.5,0.0,247.5,-27.5
Recycled Art,1,245.0,0.0,0.0,245.0,0.0
Art & Sculpture,2,244.0,0.0,0.0,244.0,0.0
Jewelry,6,252.0,-8.41,0.0,243.59,-8.41
Skin Care,13,240.5,0.0,0.0,240.5,0.0
Music,13,280.0,-21.99,-18.01,240.0,-40.0
Basket,1,240.0,0.0,0.0,240.0,0.0
Art & Sculpture,5,240.0,0.0,0.0,240.0,0.0
Basket,8,274.0,0.0,-34.0,240.0,-34.0
Art & Sculpture,1,240.0,0.0,0.0,240.0,0.0
Jewelry,8,244.0,-5.1,0.0,238.9,-5.1
Home Decor,2,249.0,-12.5,0.0,236.5,-12.5
Kitchen,4,252.0,-15.6,0.0,236.4,-15.6
Christmas,13,234.0,0.0,0.0,234.0,0.0
Basket,2,232.0,0.0,0.0,232.0,0.0
Basket,2,348.0,-11.6,-104.4,232.0,-116.0
Jewelry,5,240.0,-9.6,0.0,230.4,-9.6
Basket,2,230.0,0.0,0.0,230.0,0.0
Christmas,9,252.0,-22.4,0.0,229.6,-22.4
Skin Care,6,228.0,0.0,0.0,228.0,0.0
Basket,5,272.0,-5.12,-38.88,228.0,-44.0
Christmas,4,232.0,-5.8,0.0,226.2,-5.8
Basket,6,268.0,-4.0,-38.0,226.0,-42.0
Basket,5,240.0,-14.6,0.0,225.4,-14.6
Basket,4,245.0,-19.69,0.0,225.31,-19.69
Art & Sculpture,1,225.0,0.0,0.0,225.0,0.0
Basket,6,228.0,-3.4,0.0,224.6,-3.4
Basket,6,266.0,-3.8,-38.0,224.2,-41.8
Kitchen,19,228.0,-5.79,0.0,222.21,-5.79
Art & Sculpture,3,222.0,0.0,0.0,222.0,0.0
Basket,4,232.0,-10.6,0.0,221.4,-10.6
Basket,2,232.0,-11.6,0.0,220.4,-11.6
Basket,2,220.0,0.0,0.0,220.0,0.0
Basket,1,240.0,-24.0,0.0,216.0,-24.0
Christmas,8,224.0,-8.41,0.0,215.59,-8.41
Home Decor,3,234.0,-19.5,0.0,214.5,-19.5
Christmas,12,216.0,-1.8,0.0,214.2,-1.8
Home Decor,6,228.0,-15.19,0.0,212.81,-15.19
Basket,5,220.0,-8.8,0.0,211.2,-8.8
Art & Sculpture,1,210.0,0.0,0.0,210.0,0.0
Art & Sculpture,8,224.0,-14.0,0.0,210.0,-14.0
Basket,1,210.0,0.0,0.0,210.0,0.0
Basket,2,220.0,-11.0,0.0,209.0,-11.0
Basket,2,232.0,-23.2,0.0,208.8,-23.2
Art & Sculpture,12,216.0,-8.4,0.0,207.6,-8.4
Soapstone,8,224.0,-19.6,0.0,204.4,-19.6
Kitchen,6,204.0,0.0,0.0,204.0,0.0
Jewelry,3,204.0,0.0,0.0,204.0,0.0
Basket,3,204.0,0.0,0.0,204.0,0.0
Jewelry,6,204.0,0.0,0.0,204.0,0.0
Basket,6,204.0,0.0,0.0,204.0,0.0
Kitchen,20,220.5,-16.92,0.0,203.58,-16.92
Art & Sculpture,4,312.0,-5.2,-104.0,202.8,-109.2
Art & Sculpture,6,216.0,-14.4,0.0,201.6,-14.4
One-of-a-Kind,1,200.0,0.0,0.0,200.0,0.0
Basket,4,204.0,-5.8,0.0,198.2,-5.8
Home Decor,2,208.0,-9.8,0.0,198.2,-9.8
Basket,2,220.0,-22.0,0.0,198.0,-22.0
Basket,1,220.0,-22.0,0.0,198.0,-22.0
Art & Sculpture,9,198.0,0.0,0.0,198.0,0.0
Accessories,3,204.0,-6.8,0.0,197.2,-6.8
Accessories,2,196.0,0.0,0.0,196.0,0.0
Art & Sculpture,7,196.0,0.0,0.0,196.0,0.0
Home Decor,4,196.0,0.0,0.0,196.0,0.0
Jewelry,6,202.0,-6.6,0.0,195.4,-6.6
Basket,1,195.0,0.0,0.0,195.0,0.0
Art & Sculpture,3,195.0,0.0,0.0,195.0,0.0
Basket,1,390.0,0.0,-195.0,195.0,-195.0
Basket,4,208.0,-13.01,0.0,194.99,-13.01
Recycled Art,8,200.0,-5.01,0.0,194.99,-5.01
Jewelry,5,202.0,-7.6,0.0,194.4,-7.6
Soapstone,7,193.0,0.0,0.0,193.0,0.0
Art & Sculpture,3,192.0,0.0,0.0,192.0,0.0
Home Decor,5,204.0,-12.1,0.0,191.9,-12.1
Kids,6,204.0,-13.4,0.0,190.6,-13.4
Basket,3,204.0,-13.6,0.0,190.4,-13.6
Home Decor,2,190.0,0.0,0.0,190.0,0.0
Basket,2,190.0,0.0,0.0,190.0,0.0
Basket,4,194.0,-4.4,0.0,189.6,-4.4
Basket,4,194.0,-5.0,0.0,189.0,-5.0
Recycled Art,6,192.0,-3.2,0.0,188.8,-3.2
Basket,1,564.0,0.0,-376.0,188.0,-376.0
Basket,4,188.0,0.0,0.0,188.0,0.0
Basket,7,196.0,-8.39,0.0,187.61,-8.39
Basket,6,194.0,-6.41,0.0,187.59,-6.41
Basket,4,192.0,-4.8,0.0,187.2,-4.8
Home Decor,8,192.0,-4.8,0.0,187.2,-4.8
Accessories,2,196.0,-9.79,0.0,186.21,-9.79
Soapstone,5,190.0,-3.8,0.0,186.2,-3.8
Accessories,2,196.0,-9.81,0.0,186.19,-9.81
Art & Sculpture,12,192.0,-6.42,0.0,185.58,-6.42
Basket,1,185.0,0.0,0.0,185.0,0.0
Art & Sculpture,1,185.0,0.0,0.0,185.0,0.0
Home Decor,1,185.0,0.0,0.0,185.0,0.0
Basket,1,205.0,-20.5,0.0,184.5,-20.5
Art & Sculpture,3,204.0,-20.4,0.0,183.6,-20.4
Music,9,186.0,-2.4,0.0,183.6,-2.4
Jewelry,8,192.0,-9.59,0.0,182.41,-9.59
Home Decor,5,190.0,-7.6,0.0,182.4,-7.6
Home Decor,5,228.0,-7.6,-38.0,182.4,-45.6
Basket,4,182.0,0.0,0.0,182.0,0.0
Soapstone,7,183.0,-2.1,0.0,180.9,-2.1
Furniture,2,190.0,-9.49,0.0,180.51,-9.49
Recycled Art,12,180.0,0.0,0.0,180.0,0.0
Basket,4,184.0,-4.6,0.0,179.4,-4.6
Jewelry,7,196.0,-16.79,0.0,179.21,-16.79
Basket,2,188.0,-9.4,0.0,178.6,-9.4
Art & Sculpture,1,198.0,-19.8,0.0,178.2,-19.8
Kids,5,178.0,0.0,0.0,178.0,0.0
Jewelry,13,238.0,-4.21,-56.0,177.79,-60.21
Jewelry,4,192.0,-14.39,0.0,177.61,-14.39
Art & Sculpture,5,180.0,-3.6,0.0,176.4,-3.6
Art & Sculpture,10,180.0,-3.62,0.0,176.38,-3.62
Jewelry,2,176.0,0.0,0.0,176.0,0.0
Art & Sculpture,4,176.0,0.0,0.0,176.0,0.0
Art & Sculpture,4,180.0,-4.5,0.0,175.5,-4.5
Basket,1,195.0,-19.5,0.0,175.5,-19.5
Art & Sculpture,1,195.0,-19.5,0.0,175.5,-19.5
Jewelry,4,180.0,-4.6,0.0,175.4,-4.6
Basket,1,175.0,0.0,0.0,175.0,0.0
One-of-a-Kind,1,175.0,0.0,0.0,175.0,0.0
Christmas,10,180.0,-5.4,0.0,174.6,-5.4
Home Decor,3,179.2,-5.12,0.0,174.08,-5.12
Music,3,174.0,0.0,0.0,174.0,0.0
Basket,3,174.0,0.0,0.0,174.0,0.0
Jewelry,3,174.0,0.0,0.0,174.0,0.0
Home Decor,3,186.0,-12.4,0.0,173.6,-12.4
Art & Sculpture,5,180.0,-7.2,0.0,172.8,-7.2
Art & Sculpture,3,184.0,-11.6,0.0,172.4,-11.6
Art & Sculpture,4,172.0,0.0,0.0,172.0,0.0
Art & Sculpture,8,176.0,-4.4,0.0,171.6,-4.4
Home Decor,4,176.0,-4.4,0.0,171.6,-4.4
Basket,4,176.0,-4.4,0.0,171.6,-4.4
Kitchen,16,172.5,-1.05,0.0,171.45,-1.05
Basket,5,170.0,0.0,0.0,170.0,0.0
Christmas,5,170.0,0.0,0.0,170.0,0.0
Kitchen,15,171.0,-1.05,0.0,169.95,-1.05
Jewelry,8,176.0,-6.6,0.0,169.4,-6.6
Kitchen,16,175.5,-7.12,0.0,168.38,-7.12
Home Decor,3,174.0,-5.8,0.0,168.2,-5.8
Furniture,3,174.0,-5.8,0.0,168.2,-5.8
Accessories,3,174.0,-5.81,0.0,168.19,-5.81
Basket,4,168.0,0.0,0.0,168.0,0.0
Soapstone,7,168.0,0.0,0.0,168.0,0.0
Art & Sculpture,4,168.0,0.0,0.0,168.0,0.0
Art & Sculpture,4,182.0,-14.4,0.0,167.6,-14.4
Kitchen,14,172.0,-4.8,0.0,167.2,-4.8
Kids,5,170.0,-3.4,0.0,166.6,-3.4
Home Decor,4,166.6,0.0,0.0,166.6,0.0
Basket,1,185.0,-18.5,0.0,166.5,-18.5
Art & Sculpture,4,166.0,0.0,0.0,166.0,0.0
Basket,2,182.0,-16.23,0.0,165.77,-16.23
Art & Sculpture,1,165.0,0.0,0.0,165.0,0.0
Basket,1,165.0,0.0,0.0,165.0,0.0
One-of-a-Kind,1,165.0,0.0,0.0,165.0,0.0
Basket,5,206.0,-7.2,-34.0,164.8,-41.2
Basket,3,164.0,0.0,0.0,164.0,0.0
Textiles,8,164.0,0.0,0.0,164.0,0.0
Art & Sculpture,2,163.0,0.0,0.0,163.0,0.0
Art & Sculpture,6,162.0,0.0,0.0,162.0,0.0
Art & Sculpture,3,162.0,0.0,0.0,162.0,0.0
Basket,10,160.0,0.0,0.0,160.0,0.0
Basket,3,160.0,0.0,0.0,160.0,0.0
Home Decor,2,160.0,0.0,0.0,160.0,0.0
Basket,3,171.0,-11.3,0.0,159.7,-11.3
Christmas,6,168.0,-8.4,0.0,159.6,-8.4
Basket,6,170.0,-11.6,0.0,158.4,-11.6
Basket,3,163.0,-4.8,0.0,158.2,-4.8
Basket,5,172.0,-14.0,0.0,158.0,-14.0
Basket,1,175.0,-17.49,0.0,157.51,-17.49
Basket,1,175.0,-17.5,0.0,157.5,-17.5
Art & Sculpture,4,157.0,0.0,0.0,157.0,0.0
Basket,1,174.0,-17.4,0.0,156.6,-17.4
Home Decor,3,162.0,-5.4,0.0,156.6,-5.4
Basket,3,174.0,-17.4,0.0,156.6,-17.4
Jewelry,2,156.0,0.0,0.0,156.0,0.0
Home Decor,3,180.0,-24.0,0.0,156.0,-24.0
Kitchen,13,156.0,0.0,0.0,156.0,0.0
Home Decor,2,156.0,0.0,0.0,156.0,0.0
Home Decor,1,155.0,0.0,0.0,155.0,0.0
Basket,1,155.0,0.0,0.0,155.0,0.0
Art & Sculpture,9,162.0,-7.21,0.0,154.79,-7.21
Art & Sculpture,5,160.0,-6.4,0.0,153.6,-6.4
Art & Sculpture,10,153.2,0.0,0.0,153.2,0.0
Jewelry,4,156.0,-3.81,0.0,152.19,-3.81
Art & Sculpture,4,152.0,0.0,0.0,152.0,0.0
Basket,3,152.0,0.0,0.0,152.0,0.0
Jewelry,7,154.0,-2.2,0.0,151.8,-2.2
Art & Sculpture,7,154.0,-2.2,0.0,151.8,-2.2
Art & Sculpture,4,151.4,0.0,0.0,151.4,0.0
Art & Sculpture,2,168.0,-16.8,0.0,151.2,-16.8
Basket,3,156.0,-5.2,0.0,150.8,-5.2
Art & Sculpture,4,158.8,-8.38,0.0,150.42,-8.38
Art & Sculpture,1,150.0,0.0,0.0,150.0,0.0
Art & Sculpture,4,150.0,0.0,0.0,150.0,0.0
Soapstone,7,154.0,-4.4,0.0,149.6,-4.4
Basket,1,165.0,-16.5,0.0,148.5,-16.5
Kids,3,158.0,-9.6,0.0,148.4,-9.6
Basket,4,152.0,-3.8,0.0,148.2,-3.8
Home Decor,4,152.0,-3.8,0.0,148.2,-3.8
Basket,3,148.0,0.0,0.0,148.0,0.0
Basket,1,185.0,-37.0,0.0,148.0,-37.0
Basket,2,148.0,0.0,0.0,148.0,0.0
Art & Sculpture,1,185.0,-37.0,0.0,148.0,-37.0
Kitchen,15,159.0,-11.54,0.0,147.46,-11.54
Basket,4,192.0,-7.79,-38.0,146.21,-45.79
Basket,1,145.0,0.0,0.0,145.0,0.0
Art & Sculpture,1,145.0,0.0,0.0,145.0,0.0
Jewelry,4,152.0,-7.6,0.0,144.4,-7.6
Kids,3,144.0,0.0,0.0,144.0,0.0
Basket,2,144.0,0.0,0.0,144.0,0.0
Art & Sculpture,2,144.0,0.0,0.0,144.0,0.0
Art & Sculpture,3,144.0,0.0,0.0,144.0,0.0
Kitchen,13,148.5,-5.24,0.0,143.26,-5.24
Jewelry,6,144.0,-2.39,0.0,141.61,-2.39
Jewelry,6,144.0,-2.4,0.0,141.6,-2.4
Kitchen,4,140.0,0.0,0.0,140.0,0.0
Kitchen,5,140.0,0.0,0.0,140.0,0.0
Jewelry,5,140.0,0.0,0.0,140.0,0.0
Basket,1,145.0,-5.0,0.0,140.0,-5.0
Basket,3,144.0,-4.8,0.0,139.2,-4.8
Art & Sculpture,3,144.0,-4.8,0.0,139.2,-4.8
Home Decor,3,144.0,-4.8,0.0,139.2,-4.8
Christmas,8,144.0,-5.0,0.0,139.0,-5.0
Basket,3,138.0,0.0,0.0,138.0,0.0
Jewelry,5,140.0,-2.8,0.0,137.2,-2.8
Art & Sculpture,2,152.0,-15.2,0.0,136.8,-15.2
Basket,4,150.0,-13.68,0.0,136.32,-13.68
Soapstone,4,136.0,0.0,0.0,136.0,0.0
Jewelry,2,136.0,0.0,0.0,136.0,0.0
Home Decor,2,136.0,0.0,0.0,136.0,0.0
Art & Sculpture,2,136.0,0.0,0.0,136.0,0.0
Basket,2,136.0,0.0,0.0,136.0,0.0
Basket,1,136.0,0.0,0.0,136.0,0.0
Basket,3,146.0,-10.2,0.0,135.8,-10.2
Soapstone,5,140.0,-4.79,0.0,135.21,-4.79
One-of-a-Kind,1,135.0,0.0,0.0,135.0,0.0
Art & Sculpture,3,135.0,0.0,0.0,135.0,0.0
Kitchen,5,140.0,-5.6,0.0,134.4,-5.6
Accessories,3,134.4,0.0,0.0,134.4,0.0
Christmas,7,140.0,-5.89,0.0,134.11,-5.89
Art & Sculpture,3,134.0,0.0,0.0,134.0,0.0
Christmas,7,140.0,-6.0,0.0,134.0,-6.0
Home Decor,2,136.0,-3.4,0.0,132.6,-3.4
Kids,4,136.0,-3.4,0.0,132.6,-3.4
Basket,3,132.0,0.0,0.0,132.0,0.0
Kitchen,11,132.0,0.0,0.0,132.0,0.0
Christmas,6,132.0,0.0,0.0,132.0,0.0
Jewelry,4,134.0,-3.4,0.0,130.6,-3.4
Basket,1,145.0,-14.5,0.0,130.5,-14.5
Soapstone,3,174.0,0.0,-43.5,130.5,-43.5
Home Decor,2,130.0,0.0,0.0,130.0,0.0
Art & Sculpture,2,130.0,0.0,0.0,130.0,0.0
Basket,2,144.0,-14.4,0.0,129.6,-14.4
Furniture,1,144.0,-14.4,0.0,129.6,-14.4
Home Decor,2,136.0,-6.8,0.0,129.2,-6.8
Basket,2,136.0,-6.8,0.0,129.2,-6.8
Kitchen,2,136.0,-6.8,0.0,129.2,-6.8
Christmas,2,136.0,-6.8,0.0,129.2,-6.8
Home Decor,2,128.0,0.0,0.0,128.0,0.0
Christmas,2,128.0,0.0,0.0,128.0,0.0
Basket,2,256.0,0.0,-128.0,128.0,-128.0
Art & Sculpture,1,128.0,0.0,0.0,128.0,0.0
Art & Sculpture,2,128.0,0.0,0.0,128.0,0.0
Basket,3,132.0,-4.4,0.0,127.6,-4.4
Art & Sculpture,5,130.0,-2.6,0.0,127.4,-2.6
Home Decor,3,130.0,-3.5,0.0,126.5,-3.5
Christmas,6,126.0,0.0,0.0,126.0,0.0
Soapstone,7,126.0,0.0,0.0,126.0,0.0
Kitchen,7,126.0,0.0,0.0,126.0,0.0
Jewelry,3,126.0,0.0,0.0,126.0,0.0
Basket,1,125.0,0.0,0.0,125.0,0.0
Art & Sculpture,1,125.0,0.0,0.0,125.0,0.0
Home Decor,3,125.0,0.0,0.0,125.0,0.0
One-of-a-Kind,1,125.0,0.0,0.0,125.0,0.0
Kitchen,11,132.0,-7.2,0.0,124.8,-7.2
Kids,4,128.0,-3.2,0.0,124.8,-3.2
Art & Sculpture,1,156.0,-31.2,0.0,124.8,-31.2
Soapstone,7,126.0,-1.8,0.0,124.2,-1.8
Home Decor,2,124.0,0.0,0.0,124.0,0.0
Home Decor,2,189.0,-6.5,-58.5,124.0,-65.0
Home Decor,1,124.0,0.0,0.0,124.0,0.0
Art & Sculpture,3,132.0,-8.4,0.0,123.6,-8.4
Kids,4,130.0,-6.8,0.0,123.2,-6.8
Basket,3,132.0,-8.8,0.0,123.2,-8.8
Art & Sculpture,3,132.0,-8.8,0.0,123.2,-8.8
Jewelry,2,123.0,0.0,0.0,123.0,0.0
Basket,1,136.0,-13.6,0.0,122.4,-13.6
Art & Sculpture,2,136.0,-13.6,0.0,122.4,-13.6
Jewelry,3,122.0,0.0,0.0,122.0,0.0
Jewelry,2,128.0,-6.4,0.0,121.6,-6.4
Art & Sculpture,2,128.0,-6.41,0.0,121.59,-6.41
One-of-a-Kind,1,135.0,-13.49,0.0,121.51,-13.49
One-of-a-Kind,1,135.0,-13.5,0.0,121.5,-13.5
Art & Sculpture,7,126.0,-5.4,0.0,120.6,-5.4
Kitchen,7,126.0,-5.4,0.0,120.6,-5.4
Art & Sculpture,6,122.0,-1.8,0.0,120.2,-1.8
Home Decor,2,120.0,0.0,0.0,120.0,0.0
Basket,1,120.0,0.0,0.0,120.0,0.0
Jewelry,2,120.0,0.0,0.0,120.0,0.0
Art & Sculpture,1,120.0,0.0,0.0,120.0,0.0
Kitchen,3,120.0,0.0,0.0,120.0,0.0
Art & Sculpture,4,122.0,-3.8,0.0,118.2,-3.8
Art & Sculpture,3,126.0,-8.4,0.0,117.6,-8.4
Kitchen,6,117.0,0.0,0.0,117.0,0.0
Furniture,2,130.0,-13.0,0.0,117.0,-13.0
Home Decor,2,130.0,-13.0,0.0,117.0,-13.0
Basket,3,125.0,-8.7,0.0,116.3,-8.7
Recycled Art,2,116.0,0.0,0.0,116.0,0.0
Basket,1,116.0,0.0,0.0,116.0,0.0
Jewelry,2,116.0,0.0,0.0,116.0,0.0
Basket,2,116.0,0.0,0.0,116.0,0.0
Accessories,2,116.0,0.0,0.0,116.0,0.0
Jewelry,4,136.0,-20.4,0.0,115.6,-20.4
Art & Sculpture,2,128.0,-12.8,0.0,115.2,-12.8
Basket,1,115.0,0.0,0.0,115.0,0.0
Art & Sculpture,1,115.0,0.0,0.0,115.0,0.0
Art & Sculpture,3,126.0,-11.14,0.0,114.86,-11.14
Kitchen,10,136.0,-9.6,-12.0,114.4,-21.6
Kitchen,4,120.0,-5.99,0.0,114.01,-5.99
Fair Trade Gifts,12,114.0,0.0,0.0,114.0,0.0
Art & Sculpture,3,114.0,0.0,0.0,114.0,0.0
Fair Trade Gifts,3,114.0,0.0,0.0,114.0,0.0
Furniture,3,114.0,0.0,0.0,114.0,0.0
Art & Sculpture,3,152.0,-3.8,-34.2,114.0,-38.0
Basket,2,120.0,-6.8,0.0,113.2,-6.8
Basket,1,125.0,-12.5,0.0,112.5,-12.5
Kitchen,1,125.0,-12.5,0.0,112.5,-12.5
Jewelry,8,112.0,0.0,0.0,112.0,0.0
Basket,2,176.0,-6.4,-57.6,112.0,-64.0
Christmas,4,252.0,0.0,-140.0,112.0,-140.0
Jewelry,4,112.0,0.0,0.0,112.0,0.0
Kitchen,4,112.0,0.0,0.0,112.0,0.0
Accessories,5,116.0,-4.41,0.0,111.59,-4.41
Art & Sculpture,3,115.0,-3.5,0.0,111.5,-3.5
Music,7,112.0,-1.6,0.0,110.4,-1.6
Home Decor,3,114.0,-3.8,0.0,110.2,-3.8
Jewelry,3,114.0,-3.8,0.0,110.2,-3.8
Art & Sculpture,3,114.0,-3.8,0.0,110.2,-3.8
Home Decor,2,116.0,-5.8,0.0,110.2,-5.8
Basket,3,114.0,-3.8,0.0,110.2,-3.8
Jewelry,2,116.0,-5.8,0.0,110.2,-5.8
Recycled Art,2,116.0,-5.8,0.0,110.2,-5.8
Basket,1,110.0,0.0,0.0,110.0,0.0
Basket,1,115.0,-5.0,0.0,110.0,-5.0
Basket,1,220.0,0.0,-110.0,110.0,-110.0
Furniture,1,110.0,0.0,0.0,110.0,0.0
Soapstone,7,110.0,0.0,0.0,110.0,0.0
Basket,4,112.0,-2.8,0.0,109.2,-2.8
Soapstone,8,112.0,-4.2,0.0,107.8,-4.2
Home Decor,5,112.5,-4.82,0.0,107.68,-4.82
Kitchen,9,112.0,-4.8,0.0,107.2,-4.8
Kitchen,4,112.0,-5.6,0.0,106.4,-5.6
Christmas,3,114.0,-7.6,0.0,106.4,-7.6
Jewelry,8,168.0,-5.62,-56.0,106.38,-61.62
Basket,1,125.0,-18.75,0.0,106.25,-18.75
Kitchen,3,106.0,0.0,0.0,106.0,0.0
Christmas,6,110.0,-4.5,0.0,105.5,-4.5
Basket,1,116.0,-11.6,0.0,104.4,-11.6
Christmas,4,108.0,-3.6,0.0,104.4,-3.6
Christmas,3,108.0,-3.6,0.0,104.4,-3.6
Basket,1,115.0,-11.5,0.0,103.5,-11.5
Kitchen,1,115.0,-11.5,0.0,103.5,-11.5
Accessories,1,114.0,-11.4,0.0,102.6,-11.4
Kitchen,10,106.5,-4.19,0.0,102.31,-4.19
Jewelry,3,102.0,0.0,0.0,102.0,0.0
Textiles,2,120.0,-18.0,0.0,102.0,-18.0
Jewelry,3,104.5,-2.85,0.0,101.65,-2.85
Kitchen,9,103.5,-3.15,0.0,100.35,-3.15
Home Decor,2,100.0,0.0,0.0,100.0,0.0
Art & Sculpture,3,108.0,-8.0,0.0,100.0,-8.0
Kitchen,8,100.0,0.0,0.0,100.0,0.0
Recycled Art,1,110.0,-11.0,0.0,99.0,-11.0
Basket,1,110.0,-11.0,0.0,99.0,-11.0
Art & Sculpture,3,99.0,0.0,0.0,99.0,0.0
Music,1,220.0,-11.0,-110.0,99.0,-121.0
Home Decor,3,114.0,-15.2,0.0,98.8,-15.2
Kids,3,102.0,-3.2,0.0,98.8,-3.2
Basket,3,190.0,-15.2,-76.0,98.8,-91.2
Basket,3,102.0,-3.4,0.0,98.6,-3.4
Kitchen,3,102.0,-3.41,0.0,98.59,-3.41
Accessories,1,98.0,0.0,0.0,98.0,0.0
Jewelry,7,98.0,0.0,0.0,98.0,0.0
Basket,4,146.0,-20.8,-28.0,97.2,-48.8
Jewelry,3,102.0,-5.0,0.0,97.0,-5.0
Kids,3,102.0,-5.09,0.0,96.91,-5.09
Kitchen,9,97.5,-1.05,0.0,96.45,-1.05
Art & Sculpture,3,96.0,0.0,0.0,96.0,0.0
Jewelry,2,96.0,0.0,0.0,96.0,0.0
Basket,1,96.0,0.0,0.0,96.0,0.0
Basket,2,96.0,0.0,0.0,96.0,0.0
Christmas,4,96.0,0.0,0.0,96.0,0.0
Furniture,2,96.0,0.0,0.0,96.0,0.0
Accessories,2,96.0,0.0,0.0,96.0,0.0
Home Decor,2,96.0,0.0,0.0,96.0,0.0
Art & Sculpture,2,96.0,0.0,0.0,96.0,0.0
Art & Sculpture,4,96.0,0.0,0.0,96.0,0.0
Jewelry,3,96.0,0.0,0.0,96.0,0.0
Kids,3,102.0,-6.8,0.0,95.2,-6.8
Jewelry,3,102.0,-6.8,0.0,95.2,-6.8
Basket,2,112.0,-16.8,0.0,95.2,-16.8
Kitchen,10,105.0,-9.95,0.0,95.05,-9.95
Art & Sculpture,1,95.0,0.0,0.0,95.0,0.0
Basket,1,94.0,0.0,0.0,94.0,0.0
Art & Sculpture,3,96.0,-3.2,0.0,92.8,-3.2
Basket,2,92.0,0.0,0.0,92.0,0.0
Home Decor,1,92.0,0.0,0.0,92.0,0.0
Kitchen,7,92.0,0.0,0.0,92.0,0.0
Soapstone,5,94.0,-2.2,0.0,91.8,-2.2
Jewelry,3,102.0,-10.21,0.0,91.79,-10.21
Basket,2,96.0,-4.79,0.0,91.21,-4.79
Art & Sculpture,2,96.0,-4.8,0.0,91.2,-4.8
Basket,2,96.0,-4.8,0.0,91.2,-4.8
Jewelry,4,96.0,-4.81,0.0,91.19,-4.81
Skin Care,5,92.5,-1.85,0.0,90.65,-1.85
Kitchen,8,100.0,-9.6,0.0,90.4,-9.6
Christmas,5,90.0,0.0,0.0,90.0,0.0
Art & Sculpture,2,90.0,0.0,0.0,90.0,0.0
Furniture,2,90.0,0.0,0.0,90.0,0.0
Art & Sculpture,2,132.0,-4.88,-37.12,90.0,-42.0
Soapstone,5,90.0,0.0,0.0,90.0,0.0
Fair Trade Gifts,3,90.0,0.0,0.0,90.0,0.0
Basket,1,90.0,0.0,0.0,90.0,0.0
Kids,5,90.0,0.0,0.0,90.0,0.0
Kitchen,5,90.0,0.0,0.0,90.0,0.0
Basket,3,90.0,0.0,0.0,90.0,0.0
Recycled Art,3,96.0,-6.4,0.0,89.6,-6.4
Art & Sculpture,1,112.0,-22.4,0.0,89.6,-22.4
Basket,3,96.0,-6.4,0.0,89.6,-6.4
Art & Sculpture,1,99.0,-9.9,0.0,89.1,-9.9
Art & Sculpture,5,90.0,-1.8,0.0,88.2,-1.8
Accessories,1,98.0,-9.8,0.0,88.2,-9.8
Art & Sculpture,1,98.0,-9.8,0.0,88.2,-9.8
Kitchen,5,90.0,-1.8,0.0,88.2,-1.8
Art & Sculpture,2,132.0,0.0,-44.0,88.0,-44.0
Art & Sculpture,1,88.0,0.0,0.0,88.0,0.0
Basket,2,88.0,0.0,0.0,88.0,0.0
Basket,1,88.0,0.0,0.0,88.0,0.0
Home Decor,1,88.0,0.0,0.0,88.0,0.0
Accessories,1,88.0,0.0,0.0,88.0,0.0
Kitchen,1,88.0,0.0,0.0,88.0,0.0
Textiles,2,88.0,0.0,0.0,88.0,0.0
Jewelry,4,88.0,0.0,0.0,88.0,0.0
Kitchen,8,108.0,-9.6,-10.8,87.6,-20.4
Art & Sculpture,2,90.0,-2.5,0.0,87.5,-2.5
Basket,2,92.0,-4.6,0.0,87.4,-4.6
Furniture,2,92.0,-4.8,0.0,87.2,-4.8
Soapstone,2,87.0,0.0,0.0,87.0,0.0
Art & Sculpture,4,91.0,-4.7,0.0,86.3,-4.7
Christmas,2,96.0,-9.8,0.0,86.2,-9.8
Kitchen,2,86.0,0.0,0.0,86.0,0.0
Basket,2,86.0,0.0,0.0,86.0,0.0
Christmas,4,88.0,-2.19,0.0,85.81,-2.19
Art & Sculpture,2,90.0,-4.5,0.0,85.5,-4.5
Basket,1,95.0,-9.5,0.0,85.5,-9.5
Jewelry,3,102.0,-16.99,0.0,85.01,-16.99
Home Decor,1,85.0,0.0,0.0,85.0,0.0
Jewelry,3,84.0,0.0,0.0,84.0,0.0
Home Decor,3,84.0,0.0,0.0,84.0,0.0
Jewelry,6,84.0,0.0,0.0,84.0,0.0
Basket,2,84.0,0.0,0.0,84.0,0.0
Home Decor,2,84.0,0.0,0.0,84.0,0.0
Kitchen,3,84.0,0.0,0.0,84.0,0.0
Basket,3,84.0,0.0,0.0,84.0,0.0
Textiles,3,84.0,0.0,0.0,84.0,0.0
Art & Sculpture,3,84.0,0.0,0.0,84.0,0.0
Christmas,3,84.0,0.0,0.0,84.0,0.0
Basket,2,88.0,-4.4,0.0,83.6,-4.4
Kitchen,2,88.0,-4.4,0.0,83.6,-4.4
Jewelry,2,88.0,-4.4,0.0,83.6,-4.4
Textiles,4,88.0,-4.4,0.0,83.6,-4.4
Kitchen,8,87.0,-4.19,0.0,82.81,-4.19
Home Decor,1,82.0,0.0,0.0,82.0,0.0
Kids,2,96.0,-14.4,0.0,81.6,-14.4
Basket,3,84.0,-2.79,0.0,81.21,-2.79
Art & Sculpture,3,84.0,-2.79,0.0,81.21,-2.79
Kitchen,3,84.0,-2.8,0.0,81.2,-2.8
Jewelry,3,84.0,-2.8,0.0,81.2,-2.8
Soapstone,3,84.0,-2.8,0.0,81.2,-2.8
Accessories,3,90.0,-9.0,0.0,81.0,-9.0
Home Decor,2,90.0,-9.01,0.0,80.99,-9.01
Kitchen,7,84.0,-3.6,0.0,80.4,-3.6
Soapstone,4,84.0,-3.61,0.0,80.39,-3.61
Art & Sculpture,2,80.0,0.0,0.0,80.0,0.0
Jewelry,2,80.0,0.0,0.0,80.0,0.0
Basket,2,84.0,-4.2,0.0,79.8,-4.2
Basket,2,126.0,-4.2,-42.0,79.8,-46.2
Art & Sculpture,3,82.0,-2.2,0.0,79.8,-2.2
Basket,2,88.0,-8.8,0.0,79.2,-8.8
Home Decor,1,88.0,-8.8,0.0,79.2,-8.8
Art & Sculpture,1,88.0,-8.8,0.0,79.2,-8.8
Basket,1,88.0,-8.8,0.0,79.2,-8.8
Basket,2,78.4,0.0,0.0,78.4,0.0
Fair Trade Gifts,1,78.0,0.0,0.0,78.0,0.0
Jewelry,2,78.0,0.0,0.0,78.0,0.0
Basket,1,78.0,0.0,0.0,78.0,0.0
Basket,2,86.0,-8.4,0.0,77.6,-8.4
Basket,3,86.0,-8.43,0.0,77.57,-8.43
Kitchen,3,80.0,-2.8,0.0,77.2,-2.8
Kitchen,7,76.5,0.0,0.0,76.5,0.0
Kitchen,4,80.0,-4.0,0.0,76.0,-4.0
Kitchen,1,76.0,0.0,0.0,76.0,0.0
Jewelry,2,76.0,0.0,0.0,76.0,0.0
Art & Sculpture,2,76.0,0.0,0.0,76.0,0.0
Furniture,2,76.0,0.0,0.0,76.0,0.0
Basket,3,84.0,-8.41,0.0,75.59,-8.41
Christmas,1,75.0,0.0,0.0,75.0,0.0
Art & Sculpture,1,75.0,0.0,0.0,75.0,0.0
Basket,3,114.0,-11.6,-28.0,74.4,-39.6
Music,4,80.0,-6.0,0.0,74.0,-6.0
Art & Sculpture,2,74.0,0.0,0.0,74.0,0.0
Art & Sculpture,5,76.0,-2.0,0.0,74.0,-2.0
Basket,1,74.0,0.0,0.0,74.0,0.0
Soapstone,3,74.0,0.0,0.0,74.0,0.0
Music,5,74.0,0.0,0.0,74.0,0.0
Recycled Art,2,76.8,-3.48,0.0,73.32,-3.48
Kitchen,7,76.5,-3.67,0.0,72.83,-3.67
Basket,2,76.0,-3.8,0.0,72.2,-3.8
Home Decor,2,114.0,-7.6,-34.2,72.2,-41.800000000000004
Home Decor,2,76.0,-3.8,0.0,72.2,-3.8
Jewelry,2,76.0,-3.8,0.0,72.2,-3.8
Soapstone,2,76.0,-3.8,0.0,72.2,-3.8
Skin Care,4,74.0,-1.85,0.0,72.15,-1.85
Jewelry,1,72.0,0.0,0.0,72.0,0.0
Fair Trade Gifts,4,72.0,0.0,0.0,72.0,0.0
Christmas,4,72.0,0.0,0.0,72.0,0.0
Textiles,2,80.0,-8.0,0.0,72.0,-8.0
Kitchen,3,72.0,0.0,0.0,72.0,0.0
Art & Sculpture,3,72.0,0.0,0.0,72.0,0.0
Kids,3,72.0,0.0,0.0,72.0,0.0
Basket,2,80.0,-8.0,0.0,72.0,-8.0
Art & Sculpture,1,72.0,0.0,0.0,72.0,0.0
Home Decor,2,72.0,0.0,0.0,72.0,0.0
Kitchen,6,72.0,-1.2,0.0,70.8,-1.2
Skin Care,4,74.0,-3.7,0.0,70.3,-3.7
Textiles,2,134.0,-5.7,-58.0,70.3,-63.7
Christmas,5,70.0,0.0,0.0,70.0,0.0
Kitchen,4,80.0,-10.0,0.0,70.0,-10.0
Soapstone,3,70.0,0.0,0.0,70.0,0.0
Art & Sculpture,2,70.0,0.0,0.0,70.0,0.0
Kitchen,1,70.0,0.0,0.0,70.0,0.0
Basket,3,72.0,-2.4,0.0,69.6,-2.4
Jewelry,3,72.0,-2.4,0.0,69.6,-2.4
Fair Trade Gifts,3,72.0,-2.4,0.0,69.6,-2.4
Christmas,3,72.0,-2.41,0.0,69.59,-2.41
Art & Sculpture,2,72.0,-2.8,0.0,69.2,-2.8
Art & Sculpture,2,73.1,-4.08,0.0,69.02,-4.08
Textiles,2,76.0,-7.6,0.0,68.4,-7.6
Home Decor,2,76.0,-7.6,0.0,68.4,-7.6
Basket,2,72.0,-3.61,0.0,68.39,-3.61
Jewelry,4,72.0,-3.61,0.0,68.39,-3.61
Music,1,68.0,0.0,0.0,68.0,0.0
Basket,1,68.0,0.0,0.0,68.0,0.0
Recycled Art,2,68.0,0.0,0.0,68.0,0.0
Art & Sculpture,1,68.0,0.0,0.0,68.0,0.0
Jewelry,1,68.0,0.0,0.0,68.0,0.0
Basket,2,68.0,0.0,0.0,68.0,0.0
Home Decor,1,68.0,0.0,0.0,68.0,0.0
Kids,2,68.0,0.0,0.0,68.0,0.0
Jewelry,2,68.0,0.0,0.0,68.0,0.0
Accessories,1,68.0,0.0,0.0,68.0,0.0
Home Decor,2,75.4,-7.54,0.0,67.86,-7.54
Kids,4,67.5,0.0,0.0,67.5,0.0
Basket,1,74.0,-7.4,0.0,66.6,-7.4
Kitchen,4,72.0,-5.4,0.0,66.6,-5.4
Basket,2,104.0,-3.61,-34.0,66.39,-37.61
Christmas,3,66.0,0.0,0.0,66.0,0.0
Fair Trade Gifts,3,66.0,0.0,0.0,66.0,0.0
Art & Sculpture,3,66.0,0.0,0.0,66.0,0.0
Kids,3,66.0,0.0,0.0,66.0,0.0
Jewelry,3,66.0,0.0,0.0,66.0,0.0
Art & Sculpture,2,65.6,0.0,0.0,65.6,0.0
Art & Sculpture,1,82.0,-16.4,0.0,65.6,-16.4
Home Decor,1,65.0,0.0,0.0,65.0,0.0
Kids,2,72.0,-7.19,0.0,64.81,-7.19
Jewelry,1,72.0,-7.2,0.0,64.8,-7.2
Kitchen,6,72.0,-7.2,0.0,64.8,-7.2
Jewelry,2,76.0,-11.4,0.0,64.6,-11.4
Kitchen,2,68.0,-3.4,0.0,64.6,-3.4
Jewelry,2,68.0,-3.4,0.0,64.6,-3.4
Home Decor,2,76.0,-11.4,0.0,64.6,-11.4
Art & Sculpture,2,64.0,0.0,0.0,64.0,0.0
Jewelry,2,64.0,0.0,0.0,64.0,0.0
Home Decor,1,64.0,0.0,0.0,64.0,0.0
Christmas,3,66.0,-2.2,0.0,63.8,-2.2
Art & Sculpture,3,66.0,-2.2,0.0,63.8,-2.2
Soapstone,2,68.0,-5.1,0.0,62.9,-5.1
Basket,2,98.0,-3.4,-32.0,62.6,-35.4
Christmas,3,65.0,-2.5,0.0,62.5,-2.5
Jewelry,1,62.0,0.0,0.0,62.0,0.0
Home Decor,1,62.0,0.0,0.0,62.0,0.0
Jewelry,2,62.0,0.0,0.0,62.0,0.0
Basket,1,62.0,0.0,0.0,62.0,0.0
Christmas,3,66.0,-4.4,0.0,61.6,-4.4
Kitchen,1,68.0,-6.8,0.0,61.2,-6.8
Basket,1,68.0,-6.8,0.0,61.2,-6.8
Kids,2,68.0,-6.8,0.0,61.2,-6.8
Home Decor,1,68.0,-6.8,0.0,61.2,-6.8
Jewelry,2,68.0,-6.8,0.0,61.2,-6.8
Art & Sculpture,1,68.0,-6.8,0.0,61.2,-6.8
Soapstone,2,64.0,-3.2,0.0,60.8,-3.2
Jewelry,2,64.0,-3.2,0.0,60.8,-3.2
Home Decor,2,76.0,-15.2,0.0,60.8,-15.2
Jewelry,2,64.0,-3.21,0.0,60.79,-3.21
Kitchen,6,66.0,-5.24,0.0,60.76,-5.24
Art & Sculpture,3,66.0,-5.5,0.0,60.5,-5.5
Home Decor,1,60.0,0.0,0.0,60.0,0.0
Home Decor,1,120.0,-6.0,-54.0,60.0,-60.0
Soapstone,3,60.0,0.0,0.0,60.0,0.0
Fair Trade Gifts,2,60.0,0.0,0.0,60.0,0.0
Basket,1,66.0,-6.6,0.0,59.4,-6.6
Art & Sculpture,3,66.0,-6.6,0.0,59.4,-6.6
Home Decor,1,74.0,-14.79,0.0,59.21,-14.79
Basket,2,62.0,-2.8,0.0,59.2,-2.8
Home Decor,1,74.0,-14.8,0.0,59.2,-14.8
Soapstone,4,64.0,-4.8,0.0,59.2,-4.8
Kitchen,3,58.5,0.0,0.0,58.5,0.0
Home Decor,1,58.5,0.0,0.0,58.5,0.0
Jewelry,1,58.0,0.0,0.0,58.0,0.0
Accessories,1,58.0,0.0,0.0,58.0,0.0
Basket,1,58.0,0.0,0.0,58.0,0.0
Basket,1,290.0,0.0,-232.0,58.0,-232.0
Home Decor,1,58.0,0.0,0.0,58.0,0.0
Kitchen,5,64.0,-6.0,0.0,58.0,-6.0
Kitchen,1,58.0,0.0,0.0,58.0,0.0
Basket,1,72.0,-14.4,0.0,57.6,-14.4
Soapstone,2,60.0,-3.8,0.0,56.2,-3.8
Soapstone,3,64.0,-7.8,0.0,56.2,-7.8
Kitchen,2,56.0,0.0,0.0,56.0,0.0
Basket,2,56.0,0.0,0.0,56.0,0.0
Accessories,2,56.0,0.0,0.0,56.0,0.0
Kitchen,2,84.0,0.0,-28.0,56.0,-28.0
Art & Sculpture,2,56.0,0.0,0.0,56.0,0.0
Recycled Art,2,56.0,0.0,0.0,56.0,0.0
Kids,3,56.0,0.0,0.0,56.0,0.0
Jewelry,2,56.0,0.0,0.0,56.0,0.0
Soapstone,2,56.0,0.0,0.0,56.0,0.0
Christmas,4,56.0,0.0,0.0,56.0,0.0
Christmas,2,56.0,0.0,0.0,56.0,0.0
Kitchen,1,56.0,0.0,0.0,56.0,0.0
Art & Sculpture,4,56.0,0.0,0.0,56.0,0.0
Kids,2,56.0,0.0,0.0,56.0,0.0
Kitchen,4,56.0,0.0,0.0,56.0,0.0
Skin Care,3,55.5,0.0,0.0,55.5,0.0
Art & Sculpture,3,57.0,-1.9,0.0,55.1,-1.9
Jewelry,4,60.0,-5.0,0.0,55.0,-5.0
Basket,3,60.0,-5.0,0.0,55.0,-5.0
Art & Sculpture,1,68.0,-13.6,0.0,54.4,-13.6
Basket,1,68.0,-13.6,0.0,54.4,-13.6
Art & Sculpture,1,54.0,0.0,0.0,54.0,0.0
Kitchen,3,54.0,0.0,0.0,54.0,0.0
Jewelry,3,54.0,0.0,0.0,54.0,0.0
Soapstone,3,54.0,0.0,0.0,54.0,0.0
Kids,3,54.0,0.0,0.0,54.0,0.0
Jewelry,1,54.0,0.0,0.0,54.0,0.0
Christmas,3,54.0,0.0,0.0,54.0,0.0
Art & Sculpture,3,54.0,0.0,0.0,54.0,0.0
Kids,2,56.0,-2.8,0.0,53.2,-2.8
Kitchen,2,56.0,-2.8,0.0,53.2,-2.8
Soapstone,2,56.0,-2.8,0.0,53.2,-2.8
Home Decor,2,56.0,-2.8,0.0,53.2,-2.8
Art & Sculpture,1,58.0,-5.0,0.0,53.0,-5.0
Home Decor,2,78.75,0.0,-26.25,52.5,-26.25
Basket,1,58.0,-5.8,0.0,52.2,-5.8
Jewelry,3,54.0,-1.8,0.0,52.2,-1.8
Art & Sculpture,3,54.0,-1.8,0.0,52.2,-1.8
Art & Sculpture,1,58.0,-5.81,0.0,52.19,-5.81
Jewelry,3,54.0,-1.81,0.0,52.19,-1.81
Basket,2,58.0,-6.0,0.0,52.0,-6.0
Art & Sculpture,1,52.0,0.0,0.0,52.0,0.0
Furniture,1,64.0,-12.8,0.0,51.2,-12.8
Home Decor,2,56.0,-5.6,0.0,50.4,-5.6
Art & Sculpture,1,56.0,-5.6,0.0,50.4,-5.6
Art & Sculpture,3,54.0,-3.6,0.0,50.4,-3.6
Jewelry,2,56.0,-5.6,0.0,50.4,-5.6
Home Decor,1,50.0,0.0,0.0,50.0,0.0
Art & Sculpture,2,50.0,0.0,0.0,50.0,0.0
Soapstone,5,50.0,0.0,0.0,50.0,0.0
Kids,3,49.5,0.0,0.0,49.5,0.0
Kitchen,5,52.5,-3.15,0.0,49.35,-3.15
Art & Sculpture,3,49.3,0.0,0.0,49.3,0.0
Recycled Art,2,49.0,0.0,0.0,49.0,0.0
Basket,1,54.0,-5.4,0.0,48.6,-5.4
Basket,1,48.0,0.0,0.0,48.0,0.0
Fair Trade Gifts,1,48.0,0.0,0.0,48.0,0.0
Art & Sculpture,1,48.0,0.0,0.0,48.0,0.0
Music,1,48.0,0.0,0.0,48.0,0.0
Accessories,1,48.0,0.0,0.0,48.0,0.0
Jewelry,1,48.0,0.0,0.0,48.0,0.0
Jewelry,2,48.0,0.0,0.0,48.0,0.0
Home Decor,2,48.0,0.0,0.0,48.0,0.0
Recycled Art,1,48.0,0.0,0.0,48.0,0.0
Kitchen,2,48.0,0.0,0.0,48.0,0.0
Fair Trade Gifts,4,48.0,0.0,0.0,48.0,0.0
Music,2,48.0,0.0,0.0,48.0,0.0
Basket,3,48.0,0.0,0.0,48.0,0.0
Art & Sculpture,2,48.0,0.0,0.0,48.0,0.0
Kitchen,1,48.0,0.0,0.0,48.0,0.0
Christmas,2,48.0,0.0,0.0,48.0,0.0
Basket,1,48.0,-1.19,0.0,46.81,-1.19
Fair Trade Gifts,2,52.0,-5.2,0.0,46.8,-5.2
Basket,1,58.0,-11.6,0.0,46.4,-11.6
Accessories,1,58.0,-11.6,0.0,46.4,-11.6
Furniture,1,46.0,0.0,0.0,46.0,0.0
Soapstone,2,46.0,0.0,0.0,46.0,0.0
Basket,1,46.0,0.0,0.0,46.0,0.0
Textiles,2,48.0,-2.4,0.0,45.6,-2.4
Kitchen,2,50.0,-4.57,0.0,45.43,-4.57
Art & Sculpture,3,45.0,0.0,0.0,45.0,0.0
Art & Sculpture,1,45.0,0.0,0.0,45.0,0.0
Home Decor,1,45.0,0.0,0.0,45.0,0.0
Jewelry,2,56.0,-11.2,0.0,44.8,-11.2
Music,3,46.0,-1.4,0.0,44.6,-1.4
Basket,1,44.0,0.0,0.0,44.0,0.0
Accessories,1,44.0,0.0,0.0,44.0,0.0
Art & Sculpture,1,44.0,0.0,0.0,44.0,0.0
Kids,2,44.0,0.0,0.0,44.0,0.0
Kitchen,1,88.0,0.0,-44.0,44.0,-44.0
Music,2,44.0,0.0,0.0,44.0,0.0
Christmas,1,44.0,0.0,0.0,44.0,0.0
Soapstone,2,44.0,0.0,0.0,44.0,0.0
Recycled Art,1,44.0,0.0,0.0,44.0,0.0
Art & Sculpture,2,44.0,0.0,0.0,44.0,0.0
Kitchen,2,44.0,0.0,0.0,44.0,0.0
Jewelry,2,44.0,0.0,0.0,44.0,0.0
Accessories,2,44.0,0.0,0.0,44.0,0.0
Kids,3,45.0,-1.36,0.0,43.64,-1.36
Basket,1,48.0,-4.8,0.0,43.2,-4.8
Art & Sculpture,2,48.0,-4.8,0.0,43.2,-4.8
Kitchen,1,48.0,-4.8,0.0,43.2,-4.8
Art & Sculpture,3,43.2,0.0,0.0,43.2,0.0
Fair Trade Gifts,1,48.0,-4.8,0.0,43.2,-4.8
Kitchen,1,96.0,-4.8,-48.0,43.2,-52.8
Jewelry,1,48.0,-4.8,0.0,43.2,-4.8
Kitchen,4,48.0,-4.8,0.0,43.2,-4.8
Basket,1,44.0,-1.08,0.0,42.92,-1.08
Art & Sculpture,1,45.0,-2.5,0.0,42.5,-2.5
Home Decor,1,42.0,0.0,0.0,42.0,0.0
Jewelry,1,42.0,0.0,0.0,42.0,0.0
Basket,1,42.0,0.0,0.0,42.0,0.0
Kitchen,2,42.0,0.0,0.0,42.0,0.0
Art & Sculpture,1,42.0,0.0,0.0,42.0,0.0
Art & Sculpture,2,42.0,0.0,0.0,42.0,0.0
Christmas,3,42.0,0.0,0.0,42.0,0.0
Accessories,1,42.0,0.0,0.0,42.0,0.0
Jewelry,3,70.0,0.0,-28.0,42.0,-28.0
Art & Sculpture,2,44.0,-2.2,0.0,41.8,-2.2
Home Decor,1,41.6,0.0,0.0,41.6,0.0
Basket,1,46.0,-4.6,0.0,41.4,-4.6
Basket,1,92.0,-4.6,-46.0,41.4,-50.6
Art & Sculpture,1,45.0,-4.49,0.0,40.51,-4.49
Art & Sculpture,1,45.0,-4.5,0.0,40.5,-4.5
Home Decor,1,45.0,-4.51,0.0,40.49,-4.51
Home Decor,2,40.0,0.0,0.0,40.0,0.0
Art & Sculpture,2,40.0,0.0,0.0,40.0,0.0
Kids,2,40.0,0.0,0.0,40.0,0.0
Art & Sculpture,2,44.0,-4.4,0.0,39.6,-4.4
Jewelry,1,44.0,-4.4,0.0,39.6,-4.4
Art & Sculpture,1,44.0,-4.4,0.0,39.6,-4.4
Fair Trade Gifts,1,44.0,-4.4,0.0,39.6,-4.4
Basket,1,44.0,-4.41,0.0,39.59,-4.41
Kitchen,1,39.0,0.0,0.0,39.0,0.0
Home Decor,2,40.0,-1.9,0.0,38.1,-1.9
Art & Sculpture,1,38.0,0.0,0.0,38.0,0.0
Recycled Art,1,38.0,0.0,0.0,38.0,0.0
Basket,1,38.0,0.0,0.0,38.0,0.0
Home Decor,1,114.0,-7.6,-68.4,38.0,-76.0
Jewelry,1,38.0,0.0,0.0,38.0,0.0
Home Decor,1,38.0,0.0,0.0,38.0,0.0
Music,1,38.0,0.0,0.0,38.0,0.0
Music,2,40.0,-2.0,0.0,38.0,-2.0
Furniture,1,38.0,0.0,0.0,38.0,0.0
Kids,1,38.0,0.0,0.0,38.0,0.0
Art & Sculpture,1,42.0,-4.19,0.0,37.81,-4.19
Basket,1,42.0,-4.2,0.0,37.8,-4.2
Home Decor,2,42.0,-4.2,0.0,37.8,-4.2
Home Decor,1,42.0,-4.2,0.0,37.8,-4.2
Basket,1,40.6,-4.06,0.0,36.54,-4.06
Christmas,2,40.0,-3.88,0.0,36.12,-3.88
Art & Sculpture,2,38.0,-1.9,0.0,36.1,-1.9
Art & Sculpture,2,36.0,0.0,0.0,36.0,0.0
Christmas,2,36.0,0.0,0.0,36.0,0.0
Soapstone,2,36.0,0.0,0.0,36.0,0.0
Jewelry,2,36.0,0.0,0.0,36.0,0.0
Kitchen,2,36.0,0.0,0.0,36.0,0.0
Soapstone,1,36.0,0.0,0.0,36.0,0.0
Kitchen,1,36.0,0.0,0.0,36.0,0.0
Fair Trade Gifts,2,36.0,0.0,0.0,36.0,0.0
Art & Sculpture,1,36.0,0.0,0.0,36.0,0.0
Fair Trade Gifts,1,36.0,0.0,0.0,36.0,0.0
Basket,1,48.0,-12.0,0.0,36.0,-12.0
Jewelry,3,36.0,0.0,0.0,36.0,0.0
Basket,1,69.75,0.0,-34.0,35.75,-34.0
Basket,1,44.0,-8.8,0.0,35.2,-8.8
Kitchen,1,39.0,-3.9,0.0,35.1,-3.9
Art & Sculpture,2,36.0,-1.16,0.0,34.84,-1.16
Music,2,37.0,-2.4,0.0,34.6,-2.4
Art & Sculpture,2,36.0,-1.8,0.0,34.2,-1.8
Kitchen,2,36.0,-1.8,0.0,34.2,-1.8
Recycled Art,1,38.0,-3.8,0.0,34.2,-3.8
Art & Sculpture,1,38.0,-3.8,0.0,34.2,-3.8
Home Decor,1,38.0,-3.8,0.0,34.2,-3.8
Easter,1,38.0,-3.8,0.0,34.2,-3.8
Jewelry,1,34.0,0.0,0.0,34.0,0.0
Basket,1,44.0,-10.0,0.0,34.0,-10.0
Kids,1,34.0,0.0,0.0,34.0,0.0
Basket,1,34.0,0.0,0.0,34.0,0.0
Home Decor,1,34.0,0.0,0.0,34.0,0.0
Accessories,1,34.0,0.0,0.0,34.0,0.0
Soapstone,1,34.0,0.0,0.0,34.0,0.0
Art & Sculpture,1,34.0,0.0,0.0,34.0,0.0
Art & Sculpture,2,36.0,-2.1,0.0,33.9,-2.1
Furniture,1,45.0,-11.25,0.0,33.75,-11.25
Kitchen,3,34.5,-1.05,0.0,33.45,-1.05
Art & Sculpture,1,36.0,-3.6,0.0,32.4,-3.6
Art & Sculpture,2,36.0,-3.6,0.0,32.4,-3.6
Christmas,1,36.0,-3.6,0.0,32.4,-3.6
Art & Sculpture,1,32.0,0.0,0.0,32.0,0.0
Kids,2,32.0,0.0,0.0,32.0,0.0
Kids,1,32.0,0.0,0.0,32.0,0.0
Jewelry,2,32.0,0.0,0.0,32.0,0.0
Soapstone,2,32.0,0.0,0.0,32.0,0.0
Music,1,32.0,0.0,0.0,32.0,0.0
Kitchen,1,32.0,0.0,0.0,32.0,0.0
Jewelry,1,32.0,0.0,0.0,32.0,0.0
Soapstone,1,32.0,0.0,0.0,32.0,0.0
Kitchen,1,31.5,0.0,0.0,31.5,0.0
Kids,2,31.5,0.0,0.0,31.5,0.0
Art & Sculpture,1,36.0,-5.0,0.0,31.0,-5.0
Soapstone,1,34.0,-3.4,0.0,30.6,-3.4
Basket,1,34.0,-3.4,0.0,30.6,-3.4
Christmas,1,34.0,-3.4,0.0,30.6,-3.4
Jewelry,1,34.0,-3.4,0.0,30.6,-3.4
Kids,1,34.0,-3.4,0.0,30.6,-3.4
Music,2,34.0,-3.4,0.0,30.6,-3.4
Kids,1,34.0,-3.41,0.0,30.59,-3.41
Home Decor,1,76.0,-7.6,-38.0,30.4,-45.6
Jewelry,1,32.0,-1.6,0.0,30.4,-1.6
Kids,1,30.0,0.0,0.0,30.0,0.0
Kitchen,2,30.0,0.0,0.0,30.0,0.0
Jewelry,1,30.0,0.0,0.0,30.0,0.0
Soapstone,2,30.0,0.0,0.0,30.0,0.0
Fair Trade Gifts,1,30.0,0.0,0.0,30.0,0.0
Basket,1,34.0,-5.1,0.0,28.9,-5.1
Kitchen,3,31.5,-2.62,0.0,28.88,-2.62
Kitchen,1,32.0,-3.2,0.0,28.8,-3.2
Kids,1,32.0,-3.2,0.0,28.8,-3.2
Basket,2,34.0,-5.2,0.0,28.8,-5.2
Accessories,1,32.0,-3.2,0.0,28.8,-3.2
Home Decor,1,32.0,-3.2,0.0,28.8,-3.2
Jewelry,1,32.0,-3.2,0.0,28.8,-3.2
Basket,1,70.0,-7.2,-34.0,28.8,-41.2
Jewelry,1,28.5,0.0,0.0,28.5,0.0
Art & Sculpture,1,28.0,0.0,0.0,28.0,0.0
Basket,1,28.0,0.0,0.0,28.0,0.0
Jewelry,1,28.0,0.0,0.0,28.0,0.0
Kitchen,1,28.0,0.0,0.0,28.0,0.0
Soapstone,1,28.0,0.0,0.0,28.0,0.0
Accessories,1,28.0,0.0,0.0,28.0,0.0
Christmas,1,28.0,0.0,0.0,28.0,0.0
Fair Trade Gifts,1,28.0,0.0,0.0,28.0,0.0
Kids,1,28.0,0.0,0.0,28.0,0.0
Jewelry,1,68.0,-13.6,-27.2,27.2,-40.8
Jewelry,1,34.0,-6.8,0.0,27.2,-6.8
Kids,1,32.0,-4.81,0.0,27.19,-4.81
Kids,1,30.0,-3.0,0.0,27.0,-3.0
Jewelry,1,28.0,-1.85,0.0,26.15,-1.85
Jewelry,1,26.0,0.0,0.0,26.0,0.0
Art & Sculpture,1,25.6,0.0,0.0,25.6,0.0
Recycled Art,1,28.0,-2.8,0.0,25.2,-2.8
Basket,1,56.0,-2.8,-28.0,25.2,-30.8
Soapstone,1,28.0,-2.8,0.0,25.2,-2.8
Kids,1,28.0,-2.8,0.0,25.2,-2.8
Kitchen,1,28.0,-2.8,0.0,25.2,-2.8
Jewelry,1,28.0,-2.8,0.0,25.2,-2.8
Basket,1,84.0,-2.8,-56.0,25.2,-58.8
Basket,1,28.0,-2.81,0.0,25.19,-2.81
Art & Sculpture,2,26.4,-1.32,0.0,25.08,-1.32
Fair Trade Gifts,1,25.0,0.0,0.0,25.0,0.0
Recycled Art,1,25.0,0.0,0.0,25.0,0.0
Art & Sculpture,1,24.0,0.0,0.0,24.0,0.0
Jewelry,1,24.0,0.0,0.0,24.0,0.0
Basket,1,24.0,0.0,0.0,24.0,0.0
Soapstone,1,24.0,0.0,0.0,24.0,0.0
Kitchen,1,24.0,0.0,0.0,24.0,0.0
Fair Trade Gifts,2,24.0,0.0,0.0,24.0,0.0
Textiles,1,24.0,0.0,0.0,24.0,0.0
Kids,1,24.0,0.0,0.0,24.0,0.0
Accessories,1,24.0,0.0,0.0,24.0,0.0
Fair Trade Gifts,1,24.0,0.0,0.0,24.0,0.0
Basket,1,28.0,-4.52,0.0,23.48,-4.52
Art & Sculpture,1,26.0,-2.59,0.0,23.41,-2.59
Art & Sculpture,1,26.0,-2.6,0.0,23.4,-2.6
Kitchen,1,24.0,-1.39,0.0,22.61,-1.39
Jewelry,1,28.0,-5.6,0.0,22.4,-5.6
Jewelry,1,22.0,0.0,0.0,22.0,0.0
Kitchen,1,22.0,0.0,0.0,22.0,0.0
Music,1,22.0,0.0,0.0,22.0,0.0
Art & Sculpture,1,22.0,0.0,0.0,22.0,0.0
Soapstone,1,22.0,0.0,0.0,22.0,0.0
Fair Trade Gifts,1,22.0,0.0,0.0,22.0,0.0
Christmas,1,22.0,0.0,0.0,22.0,0.0
Accessories,1,22.0,0.0,0.0,22.0,0.0
Art & Sculpture,1,24.0,-2.4,0.0,21.6,-2.4
Home Decor,1,24.0,-2.4,0.0,21.6,-2.4
Kids,1,24.0,-2.4,0.0,21.6,-2.4
Soapstone,1,24.0,-2.4,0.0,21.6,-2.4
Kitchen,2,22.5,-1.05,0.0,21.45,-1.05
Recycled Art,1,25.0,-3.75,0.0,21.25,-3.75
Fair Trade Gifts,1,25.0,-3.75,0.0,21.25,-3.75
Soapstone,1,21.0,0.0,0.0,21.0,0.0
Soapstone,2,20.0,0.0,0.0,20.0,0.0
Jewelry,2,20.0,0.0,0.0,20.0,0.0
Christmas,1,20.0,0.0,0.0,20.0,0.0
Music,1,20.0,0.0,0.0,20.0,0.0
Kitchen,1,22.0,-2.2,0.0,19.8,-2.2
Jewelry,1,22.0,-2.21,0.0,19.79,-2.21
Gift Baskets,1,19.5,0.0,0.0,19.5,0.0
Skin Care,1,18.5,0.0,0.0,18.5,0.0
Kids,1,18.0,0.0,0.0,18.0,0.0
Christmas,1,18.0,0.0,0.0,18.0,0.0
Art & Sculpture,1,18.0,0.0,0.0,18.0,0.0
Kitchen,1,18.0,0.0,0.0,18.0,0.0
Soapstone,1,18.0,0.0,0.0,18.0,0.0
Jewelry,1,18.0,0.0,0.0,18.0,0.0
Fair Trade Gifts,1,18.0,0.0,0.0,18.0,0.0
Home Decor,1,18.0,0.0,0.0,18.0,0.0
Skin Care,1,18.5,-1.85,0.0,16.65,-1.85
Music,1,16.5,0.0,0.0,16.5,0.0
Kitchen,1,16.5,0.0,0.0,16.5,0.0
Kitchen,1,18.0,-1.8,0.0,16.2,-1.8
Soapstone,1,18.0,-1.8,0.0,16.2,-1.8
Music,1,18.0,-1.8,0.0,16.2,-1.8
Christmas,1,18.0,-1.81,0.0,16.19,-1.81
Kids,1,16.0,0.0,0.0,16.0,0.0
Kitchen,1,16.0,0.0,0.0,16.0,0.0
Music,1,16.0,0.0,0.0,16.0,0.0
Music,1,32.0,-1.6,-14.4,16.0,-16.0
Soapstone,1,16.0,0.0,0.0,16.0,0.0
Soapstone,1,18.0,-2.31,0.0,15.69,-2.31
Jewelry,1,16.0,-1.6,0.0,14.4,-1.6
Art & Sculpture,1,16.0,-1.6,0.0,14.4,-1.6
Soapstone,1,18.0,-3.6,0.0,14.4,-3.6
Soapstone,1,14.0,0.0,0.0,14.0,0.0
Art & Sculpture,1,14.0,0.0,0.0,14.0,0.0
Kitchen,1,14.0,0.0,0.0,14.0,0.0
Jewelry,1,14.0,0.0,0.0,14.0,0.0
Soapstone,1,13.5,0.0,0.0,13.5,0.0
Art & Sculpture,1,13.2,0.0,0.0,13.2,0.0
Jewelry,1,12.0,0.0,0.0,12.0,0.0
Soapstone,1,12.0,0.0,0.0,12.0,0.0
Kitchen,1,12.0,0.0,0.0,12.0,0.0
Fair Trade Gifts,1,12.0,0.0,0.0,12.0,0.0
